Instance,Best dual bound,Best primal bound,Gap (%)
1-30-60-10-1,1984227,1992486,0.41450730394090307
1-30-60-10-2,1216030,1216030,0.0
1-30-60-10-3,1100903,1100903,0.0
1-30-60-20-1,1261381,1289983,2.217238521747966
1-30-60-20-2,1813402,1928629,5.974554981803138
1-30-60-20-3,2203140,2203140,0.0
1-30-60-30-1,1358049,1390585,2.3397347159648585
1-30-60-30-2,2046683,2067926,1.0272611302338697
1-30-60-30-3,1688342,1688342,0.0
1-30-60-40-1,1573876,1626296,3.2232754676885356
1-30-60-40-2,2470471,2470471,0.0
1-30-60-40-3,1869399,1926253,2.9515333655547815
1-30-60-50-1,1412702,1438469,1.7912794783898733
1-30-60-50-2,1801360,1893513,4.86677408605064
1-30-60-50-3,1931166,1963747,1.6591241132386192
1-30-90-10-1,4462161,4462161,0.0
1-30-90-10-2,1097444,1126304,2.5623632695968457
1-30-90-10-3,2603141,2673326,2.6253812666318987
1-30-90-20-1,1186782,1186782,0.0
1-30-90-20-2,2632545,2639562,0.2658395597451402
1-30-90-20-3,2309108,2309108,0.0
1-30-90-30-1,3231072,3231072,0.0
1-30-90-30-2,3575822,3580949,0.14317433730556273
1-30-90-30-3,1143213,1143213,0.0
1-30-90-40-1,1635921,1718136,4.785127603402762
1-30-90-40-2,2409087,2448461,1.6081121978254953
1-30-90-40-3,2106459,2126858,0.9591143367352228
1-30-90-50-1,2860767,2860767,0.0
1-30-90-50-2,3592520,3689845,2.6376446707111034
1-30-90-50-3,3651092,3779094,3.3871081269743475
1-30-120-10-1,2456323,2501142,1.7919414411496803
1-30-120-10-2,2446831,2487345,1.6288050109655061
1-30-120-10-3,3175468,3270985,2.9201295634189717
1-30-120-20-1,2182701,2219613,1.6629926027645348
1-30-120-20-2,3385391,3387338,0.05747876356005932
1-30-120-20-3,3549580,3647788,2.692261721350031
1-30-120-30-1,5913602,5920838,0.12221243006479421
1-30-120-30-2,3305683,3363957,1.7323051394533273
1-30-120-30-3,2980699,3002676,0.7319137995574598
1-30-120-40-1,3467684,3575242,3.008411738282335
1-30-120-40-2,4443345,4793933,7.313160196439961
1-30-120-40-3,2749435,2812463,2.241025037484934
1-30-120-50-1,2802660,2857611,1.9229699213783813
1-30-120-50-2,2354575,2461216,4.33285822942806
1-30-120-50-3,4842603,4940433,1.980190805137927
1-30-150-10-1,2863246,2889567,0.9108977227383908
1-30-150-10-2,3261119,3287862,0.813385719960269
1-30-150-10-3,3189131,3262752,2.25640808740597
1-30-150-20-1,7846981,7849123,0.02728967299913121
1-30-150-20-2,7423777,7641183,2.8451877150435956
1-30-150-20-3,4171022,4380903,4.790815957349437
1-30-150-30-1,5460010,5460010,0.0
1-30-150-30-2,6740526,6965998,3.236750857522497
1-30-150-30-3,3953792,4155668,4.857847161996576
1-30-150-40-1,5004439,5006794,0.04703608736449372
1-30-150-40-2,1894282,1894282,0.0
1-30-150-40-3,3184527,3306138,3.6783401055854315
1-30-150-50-1,5647050,5703571,0.990975653673809
1-30-150-50-2,3659109,3709120,1.3483252092140408
1-30-150-50-3,5096295,5619437,9.30950911986379
1-30-180-10-1,8875997,8876976,0.01102853043648544
1-30-180-10-2,4172598,4246472,1.7396558837547982
1-30-180-10-3,7004640,7033307,0.40758920377000907
1-30-180-20-1,2222186,2265387,1.907003086006942
1-30-180-20-2,6759712,6913475,2.2241058223252397
1-30-180-20-3,5805554,6109583,4.976264337516978
1-30-180-30-1,6432954,6432954,0.0
1-30-180-30-2,6637261,6888687,3.6498392219010634
1-30-180-30-3,3325918,3461183,3.9080568695732065
1-30-180-40-1,2443918,2527392,3.3027721857155523
1-30-180-40-2,7048688,7326606,3.7932707177102176
1-30-180-40-3,7647763,8112960,5.733998441998978
1-30-180-50-1,11922410,11922410,0.0
1-30-180-50-2,6490388,6851479,5.270263544557318
1-30-180-50-3,5549718,5848509,5.108840560901928
1-60-60-10-1,3460714,3588979,3.573857634720068
1-60-60-10-2,3900842,4092132,4.674580389879901
1-60-60-10-3,2726415,2726415,0.0
1-60-60-20-1,3541953,3886494,8.865085086970414
1-60-60-20-2,3509225,3585142,2.11754513489284
1-60-60-20-3,3102863,3102863,0.0
1-60-60-30-1,3708922,3731239,0.5981123160430091
1-60-60-30-2,2135733,2212715,3.4790743498371857
1-60-60-30-3,2249829,2249829,0.0
1-60-60-40-1,2741903,2918426,6.048568646249731
1-60-60-40-2,3111719,3111719,0.0
1-60-60-40-3,2564565,2704232,5.164756574140084
1-60-60-50-1,4152802,4152802,0.0
1-60-60-50-2,1650330,1650330,0.0
1-60-60-50-3,2767065,2767065,0.0
1-60-90-10-1,4207022,4365258,3.6248945652238684
1-60-90-10-2,4847324,4888976,0.8519575469382534
1-60-90-10-3,7860167,8439098,6.860105191336796
1-60-90-20-1,6898473,7001496,1.4714426745369824
1-60-90-20-2,3098466,3267939,5.185929113119925
1-60-90-20-3,3203012,3222969,0.6192116647724455
1-60-90-30-1,2963954,3202300,7.442962870436876
1-60-90-30-2,4855241,4932150,1.559340247153873
1-60-90-30-3,3471832,3493935,0.6326105093540701
1-60-90-40-1,2861649,2861649,0.0
1-60-90-40-2,2921565,3090831,5.476391300591976
1-60-90-40-3,3437318,3569914,3.7142631447144137
1-60-90-50-1,2812520,2901904,3.080184596044533
1-60-90-50-2,3180749,3311974,3.9621385916676854
1-60-90-50-3,9632649,9658802,0.27076856943542005
1-60-120-10-1,2895563,3051492,5.109926553961142
1-60-120-10-2,6629092,6828818,2.924752131335173
1-60-120-10-3,12198153,12304848,0.8670972611770633
1-60-120-20-1,9934875,9975633,0.4085755761062959
1-60-120-20-2,4336665,4439202,2.3098070328856357
1-60-120-20-3,5854552,6044700,3.1456978840968097
1-60-120-30-1,4513034,4595432,1.79304143767115
1-60-120-30-2,8316675,8498867,2.143721039522095
1-60-120-30-3,5981244,6233488,4.046594779680335
1-60-120-40-1,3734573,3820068,2.238049165616951
1-60-120-40-2,4180518,4212504,0.7593108516929625
1-60-120-40-3,3362370,3362370,0.0
1-60-120-50-1,5489260,5550056,1.095412370613913
1-60-120-50-2,2495912,2495912,0.0
1-60-120-50-3,6324956,6525836,3.0782262992818055
1-60-150-10-1,9218699,9278016,0.6393284943677635
1-60-150-10-2,14135938,14203390,0.4749007103233782
1-60-150-10-3,10926811,11083367,1.4125310476500452
1-60-150-20-1,9712289,9806712,0.9628405524705896
1-60-150-20-2,15679143,16160895,2.9809735166276385
1-60-150-20-3,15689040,15701740,0.08088275566912051
1-60-150-30-1,7043845,7136358,1.2963615334320444
1-60-150-30-2,5795888,5978303,3.0512839513152867
1-60-150-30-3,8718845,9503041,8.252053211177346
1-60-150-40-1,9370287,9434197,0.6774291442080305
1-60-150-40-2,10643846,10951429,2.8086106388490517
1-60-150-40-3,9502251,10069709,5.635296908778598
1-60-150-50-1,10932017,11012690,0.7325458175976962
1-60-150-50-2,5232904,5469195,4.320398157315653
1-60-150-50-3,10079797,10779088,6.487478346962194
1-60-180-10-1,16629238,16656322,0.16260492562523154
1-60-180-10-2,13828347,14172584,2.4288937006829547
1-60-180-10-3,12055582,12405518,2.820809256010104
1-60-180-20-1,9569966,9571598,0.01705044445033943
1-60-180-20-2,13263771,13909915,4.645204517784618
1-60-180-20-3,11463141,11828944,3.092440035222077
1-60-180-30-1,11811822,11894046,0.691303867498072
1-60-180-30-2,11820665,12134167,2.58363017420149
1-60-180-30-3,6049634,6204843,2.5014170382715584
1-60-180-40-1,3768253,3869149,2.6077052085613617
1-60-180-40-2,7432050,7620831,2.4771707967280787
1-60-180-40-3,8957417,9396690,4.6747631346782725
1-60-180-50-1,16954639,16969937,0.09014765346506692
1-60-180-50-2,15529963,16199504,4.1330956799665035
1-60-180-50-3,4340614,4640513,6.46262600708154
1-90-60-10-1,7730645,7730645,0.0
1-90-60-10-2,3159914,3159914,0.0
1-90-60-10-3,5086252,5257086,3.249594927684274
1-90-60-20-1,5894220,5964141,1.172356589155088
1-90-60-20-2,3785090,4042180,6.360181882053739
1-90-60-20-3,5060611,5181197,2.3273772450651875
1-90-60-30-1,4995765,5233492,4.542416421005324
1-90-60-30-2,3115107,3242930,3.94158985855384
1-90-60-30-3,4089828,4309836,5.104788210038613
1-90-60-40-1,4243427,4404547,3.658037932164193
1-90-60-40-2,3237751,3394577,4.619898149312862
1-90-60-40-3,2576844,2738212,5.893188693936047
1-90-60-50-1,3767185,3767185,0.0
1-90-60-50-2,3631103,3862219,5.984021102894477
1-90-60-50-3,3861494,3908637,1.206123771534684
1-90-90-10-1,3470933,3985055,12.901252303920518
1-90-90-10-2,9411888,9479829,0.7166901428285244
1-90-90-10-3,9508823,9734996,2.323298335202195
1-90-90-20-1,6450809,6450809,0.0
1-90-90-20-2,4238681,4238681,0.0
1-90-90-20-3,5756474,5827267,1.2148576682688428
1-90-90-30-1,4634517,4634517,0.0
1-90-90-30-2,5749872,5764416,0.2523065649668532
1-90-90-30-3,12997836,13232392,1.772589566572691
1-90-90-40-1,5304299,5405030,1.8636529306960359
1-90-90-40-2,6794566,6982415,2.6903155999750794
1-90-90-40-3,10557595,11043610,4.400870729770423
1-90-90-50-1,12346948,12353018,0.04913778964784621
1-90-90-50-2,6693636,6822499,1.8887947070420963
1-90-90-50-3,2833191,2868861,1.2433505840819703
1-90-120-10-1,13705021,13751473,0.33779654005064996
1-90-120-10-2,5680623,5964338,4.756856502766949
1-90-120-10-3,12240242,12506544,2.129301268200068
1-90-120-20-1,10022165,10192917,1.675202496007766
1-90-120-20-2,19355488,19619297,1.3446404323253835
1-90-120-20-3,11110640,11897245,6.611656732293902
1-90-120-30-1,15416233,15416233,0.0
1-90-120-30-2,8896365,9290833,4.245776455135941
1-90-120-30-3,4696761,4787529,1.8959258523551514
1-90-120-40-1,11294511,11577214,2.441891460242507
1-90-120-40-2,13259882,13964649,5.046793514108372
1-90-120-40-3,8456664,8643892,2.16601503119197
1-90-120-50-1,11136734,11323574,1.6500090872369477
1-90-120-50-2,17544938,18296734,4.108908180006332
1-90-120-50-3,9686535,10161526,4.6744061866298425
1-90-150-10-1,17299848,17341201,0.23846675902090553
1-90-150-10-2,16069018,16362254,1.7921491745574891
1-90-150-10-3,10497618,10809030,2.881035578585678
1-90-150-20-1,5156032,5300701,2.729242792604225
1-90-150-20-2,15112770,15461964,2.2584064999763287
1-90-150-20-3,19442873,19755865,1.5842991435707776
1-90-150-30-1,19623371,19719634,0.4881581473570984
1-90-150-30-2,13299837,14014160,5.097151737956462
1-90-150-30-3,5292882,5533285,4.3446704805554015
1-90-150-40-1,16351763,16535872,1.113391540524744
1-90-150-40-2,14916775,15565576,4.168178549897538
1-90-150-40-3,10021473,10904208,8.09536098357625
1-90-150-50-1,6856437,7069053,3.0077013144476306
1-90-150-50-2,11545716,12072236,4.36141241771616
1-90-150-50-3,18332809,18865933,2.8258554718709084
1-90-180-10-1,6085940,6140808,0.8934980543277016
1-90-180-10-2,20611671,21184797,2.7053646065147596
1-90-180-10-3,22476907,23395503,3.926378501030736
1-90-180-20-1,19184614,19184614,0.0
1-90-180-20-2,8820463,9259254,4.7389454917210365
1-90-180-20-3,8213014,8621735,4.74058875620742
1-90-180-30-1,16475708,16799515,1.9274782635093968
1-90-180-30-2,17364617,18278111,4.9977483997115435
1-90-180-30-3,7086191,7681226,7.746614928398154
1-90-180-40-1,19421086,19529969,0.5575175260134846
1-90-180-40-2,10530473,10749420,2.036826172947004
1-90-180-40-3,13056490,13960071,6.4726103470390655
1-90-180-50-1,18697188,18824670,0.6772070904828564
1-90-180-50-2,22710494,23786200,4.522395338473572
1-90-180-50-3,19694400,20647657,4.616780489912243
1-120-60-10-1,8331031,8741405,4.694600009952632
1-120-60-10-2,10710530,11070050,3.247681808121916
1-120-60-10-3,6333934,6333934,0.0
1-120-60-20-1,6096230,6248434,2.435874332672794
1-120-60-20-2,3573027,3573027,0.0
1-120-60-20-3,5914446,6000613,1.4359699584025831
1-120-60-30-1,7699872,7924055,2.8291449264297164
1-120-60-30-2,5632185,5809144,3.046214726300467
1-120-60-30-3,5766195,5766195,0.0
1-120-60-40-1,6277225,6327748,0.7984357152023169
1-120-60-40-2,9334093,10150374,8.041881018374298
1-120-60-40-3,8278230,8278230,0.0
1-120-60-50-1,4859850,4859850,0.0
1-120-60-50-2,2599176,2599176,0.0
1-120-60-50-3,3240215,3248926,0.2681193723710562
1-120-90-10-1,12303547,12490027,1.4930312000126178
1-120-90-10-2,6557811,7016709,6.540074556319775
1-120-90-10-3,11584264,11681173,0.8296170256189117
1-120-90-20-1,16643883,16667355,0.14082618387860624
1-120-90-20-2,4366653,4366653,0.0
1-120-90-20-3,12330539,12754901,3.327050519639474
1-120-90-30-1,9941010,10603296,6.246038967505951
1-120-90-30-2,13468812,13647815,1.3115872394225736
1-120-90-30-3,20682413,20895630,1.020390387846648
1-120-90-40-1,12363684,13006950,4.945556029661069
1-120-90-40-2,13328218,13745056,3.032639517801894
1-120-90-40-3,8206275,9036777,9.19024559309143
1-120-90-50-1,11179342,11316843,1.2150119958366457
1-120-90-50-2,11568157,12475391,7.272188903738563
1-120-90-50-3,5065591,5345075,5.2288134404100965
1-120-120-10-1,9814692,10378384,5.431404349655978
1-120-120-10-2,14512453,15263886,4.922946882595958
1-120-120-10-3,22537880,23989812,6.052285862015094
1-120-120-20-1,27333862,27899672,2.0280166734576666
1-120-120-20-2,22766577,23157867,1.6896633873922817
1-120-120-20-3,8751921,9196979,4.8391759946391115
1-120-120-30-1,11785161,12060398,2.282155199189939
1-120-120-30-2,6403045,6403045,0.0
1-120-120-30-3,14921056,15770966,5.389080161608362
1-120-120-40-1,10575635,11177358,5.3834099256729555
1-120-120-40-2,14256702,14898853,4.310070043646985
1-120-120-40-3,6735861,7151065,5.806184113834789
1-120-120-50-1,26507177,26634227,0.4770177861741609
1-120-120-50-2,13085095,13733744,4.723031097710861
1-120-120-50-3,19143150,20449795,6.389526154174163
1-120-150-10-1,22702354,22747709,0.1993827158594308
1-120-150-10-2,6526254,6930095,5.8273515731025345
1-120-150-10-3,19308921,20827287,7.290272612078564
1-120-150-20-1,20809847,21084786,1.303968653037313
1-120-150-20-2,32135307,33114409,2.956724971295732
1-120-150-20-3,8156303,8245726,1.0844769763147633
1-120-150-30-1,23169718,23427896,1.1020110384645676
1-120-150-30-2,18814025,19889922,5.409257009655444
1-120-150-30-3,32574595,33238058,1.996094356655853
1-120-150-40-1,7431326,7687612,3.333753056215638
1-120-150-40-2,31548847,32772404,3.7334978538650976
1-120-150-40-3,17774482,19257237,7.6997286786261165
1-120-150-50-1,33374314,33522150,0.4410098994247047
1-120-150-50-2,25266233,25921276,2.527047665400417
1-120-150-50-3,7127807,7234231,1.4711169715205363
1-120-180-10-1,24221558,24658322,1.7712640787154954
1-120-180-10-2,8327539,8469717,1.678662935255093
1-120-180-10-3,27924792,28700061,2.701279972889259
1-120-180-20-1,19302979,19693436,1.982675851994542
1-120-180-20-2,20354644,21804472,6.649223150186801
1-120-180-20-3,27397699,28814209,4.916012096670775
1-120-180-30-1,5049840,5294413,4.619454507987952
1-120-180-30-2,18287700,19894534,8.076761184755576
1-120-180-30-3,10140398,10798807,6.097053128183516
1-120-180-40-1,24946373,24979833,0.13394805321557124
1-120-180-40-2,13952591,15017698,7.092345311511794
1-120-180-40-3,41544953,46255274,10.183316609474636
1-120-180-50-1,22193316,22511061,1.4115061035994692
1-120-180-50-2,17259490,17770220,2.8740780924490505
1-120-180-50-3,10604530,11667886,9.11352750618235
1-150-60-10-1,9157738,9341548,1.9676610343382084
1-150-60-10-2,7191874,7767757,7.413761784772621
1-150-60-10-3,4790929,4790929,0.0
1-150-60-20-1,7797530,8458563,7.814956275669993
1-150-60-20-2,5319281,5319281,0.0
1-150-60-20-3,5991983,6666680,10.12043475913048
1-150-60-30-1,13120566,14115293,7.047158000900156
1-150-60-30-2,12550459,14080243,10.864755672185488
1-150-60-30-3,9417759,9716963,3.0791925419495825
1-150-60-40-1,9067144,9196223,1.4036088511555245
1-150-60-40-2,7235934,7903172,8.442660744318864
1-150-60-40-3,5950984,6263076,4.9830466690808155
1-150-60-50-1,15262426,15431494,1.0956035753893922
1-150-60-50-2,9896066,10160347,2.601102108028397
1-150-60-50-3,5818027,6147479,5.3591399010879055
1-150-90-10-1,8233895,8233895,0.0
1-150-90-10-2,9559950,9559950,0.0
1-150-90-10-3,4321360,4321360,0.0
1-150-90-20-1,8661642,10956989,20.948702239273942
1-150-90-20-2,11853378,12540032,5.475695755800302
1-150-90-20-3,11065916,11658239,5.080724455897667
1-150-90-30-1,8146524,8521806,4.403784831525148
1-150-90-30-2,11593173,12547581,7.606310730331211
1-150-90-30-3,11913578,11913578,0.0
1-150-90-40-1,15690580,16875927,7.023892672681031
1-150-90-40-2,8805970,10653391,17.34115456759261
1-150-90-40-3,15742928,17043171,7.629114323854402
1-150-90-50-1,25932537,26279818,1.3214741441512246
1-150-90-50-2,14794099,15145894,2.322708715642674
1-150-90-50-3,11706696,12375102,5.401216086946192
1-150-120-10-1,31272206,31299730,0.08793686079719976
1-150-120-10-2,6844011,6844011,0.0
1-150-120-10-3,31764576,32310583,1.6898704675183396
1-150-120-20-1,20241074,21096558,4.055088038532162
1-150-120-20-2,14586479,14945600,2.4028543517824685
1-150-120-20-3,10429992,11012310,5.287882378901432
1-150-120-30-1,13281906,13721575,3.204216717104269
1-150-120-30-2,22144726,22307151,0.7281297374102103
1-150-120-30-3,8020191,8423061,4.782940548572546
1-150-120-40-1,11532824,11685178,1.3038226717641765
1-150-120-40-2,33768061,34636889,2.508389249392462
1-150-120-40-3,16600370,18345037,9.510294255607121
1-150-120-50-1,9419800,9846742,4.33587068697443
1-150-120-50-2,13070553,14034906,6.871104088620184
1-150-120-50-3,12676278,13684363,7.36669291804083
1-150-150-10-1,24899566,25184166,1.130075143246756
1-150-150-10-2,29057265,29901713,2.82407900845012
1-150-150-10-3,35046366,35757551,1.9889085804561946
1-150-150-20-1,24428562,24557500,0.5250453018426193
1-150-150-20-2,43205116,43974564,1.7497569731447449
1-150-150-20-3,24491163,25346420,3.374271396118267
1-150-150-30-1,14884851,15001029,0.77446687157261
1-150-150-30-2,13912113,14913733,6.716091806122582
1-150-150-30-3,17165962,17903968,4.122024793610002
1-150-150-40-1,39369963,40190826,2.042413858326775
1-150-150-40-2,27009189,28644514,5.709033848505863
1-150-150-40-3,14517995,16272310,10.780983154819445
1-150-150-50-1,14419135,15174014,4.974814179030018
1-150-150-50-2,9182843,10032796,8.471746061616326
1-150-150-50-3,26590913,27239566,2.381289775321682
1-150-180-10-1,10719960,10920477,1.8361560580183456
1-150-180-10-2,19328593,19758882,2.1776991228552256
1-150-180-10-3,28377493,29386131,3.432360660203959
1-150-180-20-1,20313840,20475530,0.7896743087968949
1-150-180-20-2,24546989,25164041,2.452118083895982
1-150-180-20-3,24883423,26730672,6.910596935236047
1-150-180-30-1,21196310,21908322,3.249961361714515
1-150-180-30-2,30856516,32910639,6.241516611087372
1-150-180-30-3,8815281,9685229,8.98221404986913
1-150-180-40-1,17572283,18028671,2.5314567002748034
1-150-180-40-2,30415585,33868818,10.195906452950322
1-150-180-40-3,25827455,26283875,1.7365019427310502
1-150-180-50-1,62148233,62329642,0.29104771691131903
1-150-180-50-2,44252937,46296953,4.415011933938717
1-150-180-50-3,21580712,22961600,6.013901470280814
2-30-60-10-1,5085109,5406390,5.942616052486038
2-30-60-10-2,4402301,4768173,7.6732115214779295
2-30-60-10-3,2663133,2663133,0.0
2-30-60-20-1,2888139,2992678,3.49315896999276
2-30-60-20-2,4278541,4376120,2.2298063124411627
2-30-60-20-3,5471811,6048303,9.53146692551613
2-30-60-30-1,4226606,4270910,1.0373433296416934
2-30-60-30-2,3888026,4516104,13.907518515959772
2-30-60-30-3,3494550,3641610,4.038323708469605
2-30-60-40-1,4035236,4131178,2.322388432548783
2-30-60-40-2,2943439,3306578,10.982320695292835
2-30-60-40-3,3961281,4230192,6.356945500346079
2-30-60-50-1,4216349,4356183,3.2100120679043997
2-30-60-50-2,3845210,4128864,6.8700252660295895
2-30-60-50-3,3202769,3357333,4.603773292670099
2-30-90-10-1,3930183,4017916,2.1835449023822284
2-30-90-10-2,8010997,8329239,3.820781226232073
2-30-90-10-3,6755328,7243484,6.739243159783326
2-30-90-20-1,4991639,5245866,4.846235111609786
2-30-90-20-2,5084397,5278870,3.683989187079806
2-30-90-20-3,6178368,6646389,7.041733488665802
2-30-90-30-1,3859686,3888592,0.7433538926171712
2-30-90-30-2,4799162,5195870,7.635064002756032
2-30-90-30-3,4786869,5511563,13.14861138301422
2-30-90-40-1,6966716,7283696,4.351911447155398
2-30-90-40-2,3308865,3754470,11.868652566141158
2-30-90-40-3,6140004,6537664,6.082600757701828
2-30-90-50-1,3253988,3469480,6.211074858480236
2-30-90-50-2,7123384,7854260,9.305472444253182
2-30-90-50-3,7424413,7931412,6.39229181386618
2-30-120-10-1,6132007,6266507,2.1463312815257374
2-30-120-10-2,5771557,6100764,5.396160218621803
2-30-120-10-3,8724177,9593805,9.064474418648283
2-30-120-20-1,6224050,6476249,3.894214073609581
2-30-120-20-2,6821833,7214921,5.448264783495205
2-30-120-20-3,6286795,6953412,9.586904961190278
2-30-120-30-1,10455691,10744062,2.684003498862908
2-30-120-30-2,6192315,6944428,10.83045284651234
2-30-120-30-3,10528414,11395295,7.607359002114467
2-30-120-40-1,8429234,8714820,3.2770154747889246
2-30-120-40-2,12464887,13483855,7.556948661936813
2-30-120-40-3,5265242,5785903,8.998785496403928
2-30-120-50-1,7300419,7949156,8.161080245500274
2-30-120-50-2,8206985,8921140,8.005198887137743
2-30-120-50-3,10351077,11541577,10.314881579874225
2-30-150-10-1,9728694,9791301,0.6394145170289467
2-30-150-10-2,7862359,8231711,4.486940807324258
2-30-150-10-3,8929277,9238403,3.346097804999415
2-30-150-20-1,4345444,4709789,7.735909188288481
2-30-150-20-2,6109113,6561462,6.894027581048245
2-30-150-20-3,8177247,8896198,8.081553490603511
2-30-150-30-1,6774030,6826021,0.7616589518256722
2-30-150-30-2,6834162,7456020,8.34034779949625
2-30-150-30-3,7577381,8589657,11.784824469708166
2-30-150-40-1,12200980,12459651,2.0760693858921098
2-30-150-40-2,9835335,10652813,7.673822867255808
2-30-150-40-3,6985423,7834330,10.83573196431603
2-30-150-50-1,10069054,10272716,1.9825526180223374
2-30-150-50-2,9304620,10117825,8.037349924514414
2-30-150-50-3,11212162,12013283,6.668626719273996
2-30-180-10-1,15272208,15282251,0.065716758611023
2-30-180-10-2,16395007,16958893,3.3250165562103584
2-30-180-10-3,5570003,5845567,4.714067942425427
2-30-180-20-1,10513341,10585925,0.685665163885063
2-30-180-20-2,10362713,10737999,3.494934205153122
2-30-180-20-3,13370638,14254102,6.197963224901859
2-30-180-30-1,12194921,12310560,0.9393480069143867
2-30-180-30-2,8333774,8888685,6.242891946334018
2-30-180-30-3,8831031,9766728,9.580455194411064
2-30-180-40-1,13101463,13282455,1.3626396626226112
2-30-180-40-2,6422707,6891025,6.796057190330906
2-30-180-40-3,14767221,16103361,8.297274090793838
2-30-180-50-1,8878279,9071428,2.1292017089260873
2-30-180-50-2,9277304,9989311,7.12768878654394
2-30-180-50-3,7472994,8235733,9.26133715116797
2-60-60-10-1,8821517,9352378,5.676214113672485
2-60-60-10-2,5952476,6619359,10.074736843854515
2-60-60-10-3,7717389,8369387,7.790271856230335
2-60-60-20-1,14150683,14394240,1.692044873504961
2-60-60-20-2,6460411,6537624,1.1810559922075692
2-60-60-20-3,10184214,11179941,8.906370793906692
2-60-60-30-1,7645246,7661772,0.21569422843696895
2-60-60-30-2,10776554,11805919,8.719058634910171
2-60-60-30-3,7472820,7472820,0.0
2-60-60-40-1,7097705,7455199,4.795230818117668
2-60-60-40-2,12629779,13896031,9.112328549065552
2-60-60-40-3,6912323,7178263,3.704795993125354
2-60-60-50-1,8685481,9210651,5.701768528630602
2-60-60-50-2,8688378,9385064,7.423348418295284
2-60-60-50-3,8948253,10147742,11.820255185833462
2-60-90-10-1,10496904,10701373,1.910680059465264
2-60-90-10-2,9496082,9919222,4.265858753841778
2-60-90-10-3,10150111,11630407,12.727809095588826
2-60-90-20-1,14228558,15255244,6.730052957527266
2-60-90-20-2,14622140,15444005,5.321579473718119
2-60-90-20-3,8793879,9155750,3.952390574229314
2-60-90-30-1,11537536,11672113,1.152978899364665
2-60-90-30-2,7818747,8504242,8.060624333126931
2-60-90-30-3,20025899,21420158,6.50909764531149
2-60-90-40-1,14589813,14965722,2.511799965280659
2-60-90-40-2,9360855,10902057,14.136800055255627
2-60-90-40-3,10895819,11918710,8.582229117077267
2-60-90-50-1,18156365,19044597,4.663957971911925
2-60-90-50-2,12594584,13775662,8.57365693205887
2-60-90-50-3,15298577,16541412,7.513475874973674
2-60-120-10-1,22833245,23404710,2.441666655985053
2-60-120-10-2,19775350,20505428,3.5604133695721907
2-60-120-10-3,23352969,24170987,3.3842970500128966
2-60-120-20-1,13389349,13584466,1.4363244017100096
2-60-120-20-2,19355587,20417529,5.201128892727425
2-60-120-20-3,18747205,20396770,8.08738344355503
2-60-120-30-1,12266456,12811567,4.254834713037059
2-60-120-30-2,17786146,18398210,3.326758418346132
2-60-120-30-3,10718341,11554218,7.234388341989051
2-60-120-40-1,12348852,12947500,4.6236570766557294
2-60-120-40-2,12558419,14133260,11.142800740947244
2-60-120-40-3,13506745,14865114,9.137965574969687
2-60-120-50-1,25335118,25979620,2.4807984104463388
2-60-120-50-2,16440084,17933840,8.329259098999431
2-60-120-50-3,12071800,14036620,13.997814288625044
2-60-150-10-1,25908279,26958913,3.897167515619049
2-60-150-10-2,24968220,25780666,3.1513770823453524
2-60-150-10-3,19067793,20865375,8.615143509282719
2-60-150-20-1,26915121,27132169,0.7999655316904497
2-60-150-20-2,18553351,19628195,5.47602059180684
2-60-150-20-3,11089138,11831965,6.278137232488435
2-60-150-30-1,20910288,21476768,2.637640821933729
2-60-150-30-2,18206868,19522967,6.74128578919383
2-60-150-30-3,18125818,19421875,6.673181657280769
2-60-150-40-1,26598326,27054304,1.6854175956624085
2-60-150-40-2,22440503,24313876,7.704954158686994
2-60-150-40-3,12730477,13871116,8.223123503545061
2-60-150-50-1,17129922,17315281,1.0704937448026364
2-60-150-50-2,24468790,27567371,11.2400308321022
2-60-150-50-3,28220576,30211562,6.5901458521078755
2-60-180-10-1,16067456,16395891,2.0031543268981267
2-60-180-10-2,31321857,32326307,3.107221619840461
2-60-180-10-3,29362195,31130909,5.681536636145124
2-60-180-20-1,19894310,20110307,1.074061176689145
2-60-180-20-2,21059396,21951656,4.064659176510421
2-60-180-20-3,25292837,27140442,6.807571520021671
2-60-180-30-1,29026583,29502029,1.6115705126586333
2-60-180-30-2,18725610,19754138,5.206645817701583
2-60-180-30-3,32183863,33878861,5.003113888628075
2-60-180-40-1,33785178,33964436,0.5277814711835638
2-60-180-40-2,21939356,23706969,7.456090232370071
2-60-180-40-3,29027779,30867418,5.959808494510299
2-60-180-50-1,16648401,17526497,5.010105556175882
2-60-180-50-2,20804094,23341241,10.869803366496233
2-60-180-50-3,31737310,33504923,5.275681427472612
2-90-60-10-1,13907417,14694244,5.354661321807363
2-90-60-10-2,16632061,17390312,4.360192042557953
2-90-60-10-3,17112261,18620382,8.099302151803334
2-90-60-20-1,14963509,15202606,1.5727369373382483
2-90-60-20-2,10259226,12089663,15.140513015127055
2-90-60-20-3,9371129,10051278,6.766791247839333
2-90-60-30-1,24804972,24804972,0.0
2-90-60-30-2,18571359,19676289,5.615540613374803
2-90-60-30-3,13576853,15167423,10.486751770554559
2-90-60-40-1,14257494,14637231,2.5943226556990218
2-90-60-40-2,18476934,19093529,3.2293401602186744
2-90-60-40-3,11212707,11952734,6.191278079140727
2-90-60-50-1,20928549,21748053,3.768171799103115
2-90-60-50-2,11975086,12922911,7.334454288201786
2-90-60-50-3,15113152,15693078,3.6954254608305703
2-90-90-10-1,24627255,25972806,5.180614678290829
2-90-90-10-2,20765371,22336592,7.03429153382038
2-90-90-10-3,24860658,26994607,7.905093784102879
2-90-90-20-1,30317045,31393094,3.4276615105220287
2-90-90-20-2,19817933,21383653,7.322041748432784
2-90-90-20-3,24589948,26912054,8.628497847098549
2-90-90-30-1,17704479,19391374,8.699203058019512
2-90-90-30-2,31019489,32518346,4.609265797221052
2-90-90-30-3,15850528,16963077,6.5586508862749415
2-90-90-40-1,25950572,27778463,6.580245278509467
2-90-90-40-2,14388054,14523454,0.9322851161989387
2-90-90-40-3,14812936,17033975,13.038876715505332
2-90-90-50-1,27628149,28743952,3.8818705235800555
2-90-90-50-2,17905318,19615968,8.720701420393839
2-90-90-50-3,27325255,30973340,11.778145334019518
2-90-120-10-1,25009194,25336018,1.289958035236638
2-90-120-10-2,14950505,15873611,5.81534976509126
2-90-120-10-3,44722870,49308934,9.300675613875576
2-90-120-20-1,25953185,26835635,3.2883514774291744
2-90-120-20-2,29017525,31974952,9.249199185662583
2-90-120-20-3,22536353,24179991,6.797512869214883
2-90-120-30-1,23266235,25262195,7.900976142413596
2-90-120-30-2,21114438,22318246,5.393828887807761
2-90-120-30-3,26922152,29574851,8.969441638099884
2-90-120-40-1,28106282,29380638,4.337400705866223
2-90-120-40-2,42013630,43815606,4.112635119094321
2-90-120-40-3,21021841,22616444,7.050635369556768
2-90-120-50-1,38555215,40503403,4.809936587303543
2-90-120-50-2,30847476,33546711,8.04619862734084
2-90-120-50-3,31051867,33296665,6.741810328451814
2-90-150-10-1,37816962,38531528,1.8544969200287142
2-90-150-10-2,26764280,28315320,5.477741378165602
2-90-150-10-3,28296122,30604319,7.542062935626836
2-90-150-20-1,25481420,25957473,1.8339728216225093
2-90-150-20-2,41218985,42337854,2.642715429081499
2-90-150-20-3,29786910,33878381,12.076937796998033
2-90-150-30-1,46410573,48028264,3.368206271207308
2-90-150-30-2,30476634,32105680,5.0740118259448135
2-90-150-30-3,25037809,26904527,6.938304471957457
2-90-150-40-1,35689734,36539242,2.324919602875175
2-90-150-40-2,25653316,28446583,9.819341043527086
2-90-150-40-3,17045775,20530984,16.975362700589514
2-90-150-50-1,13960175,14467356,3.505692401569438
2-90-150-50-2,15265703,17083488,10.640596346600883
2-90-150-50-3,39066041,42363107,7.782871072228015
2-90-180-10-1,30761889,31037971,0.8894975770162294
2-90-180-10-2,46168129,47758124,3.329266032308975
2-90-180-10-3,30132617,31376906,3.9656204470893353
2-90-180-20-1,62054314,62589308,0.8547689966471594
2-90-180-20-2,47431967,49069278,3.3367334241192648
2-90-180-20-3,44275723,46005327,3.759573320715659
2-90-180-30-1,44394769,44954821,1.2458107663247064
2-90-180-30-2,63345004,65896257,3.8716205079751376
2-90-180-30-3,56473179,58453590,3.3880057666261343
2-90-180-40-1,39845654,40271798,1.0581697891909325
2-90-180-40-2,40823016,43706490,6.597358881941783
2-90-180-40-3,45885290,48755625,5.887187375815605
2-90-180-50-1,29073131,29929650,2.8617741938178343
2-90-180-50-2,30761093,32656903,5.805235113690966
2-90-180-50-3,46670785,48594471,3.958652003846286
2-120-60-10-1,30958931,32746525,5.458881514908831
2-120-60-10-2,27181547,29340801,7.359219675018414
2-120-60-10-3,24918285,26506208,5.990758844116817
2-120-60-20-1,35057903,36057979,2.773522054577715
2-120-60-20-2,22009007,24164626,8.920556022675463
2-120-60-20-3,27135432,28528101,4.881744494665108
2-120-60-30-1,21386352,23305376,8.234254620049896
2-120-60-30-2,27102910,28108467,3.5774167264262413
2-120-60-30-3,20806152,23514272,11.51692044729261
2-120-60-40-1,14477639,15594365,7.161086713053077
2-120-60-40-2,33872558,36014948,5.948613336884456
2-120-60-40-3,26080020,28165938,7.405817622690214
2-120-60-50-1,15236764,17211367,11.472668033863897
2-120-60-50-2,23173538,24439040,5.178198488975017
2-120-60-50-3,15373651,15969309,3.7300173726990904
2-120-90-10-1,24739595,27497015,10.028070319632876
2-120-90-10-2,27672006,29459638,6.068071847997592
2-120-90-10-3,48641815,53961272,9.857916247786003
2-120-90-20-1,39678095,40231722,1.376095708754399
2-120-90-20-2,32393842,33218082,2.481299191205566
2-120-90-20-3,32157552,34114626,5.736759359460663
2-120-90-30-1,29689844,31446410,5.585903128528824
2-120-90-30-2,23811456,26472833,10.05323835193611
2-120-90-30-3,30005989,32911881,8.82930999902436
2-120-90-40-1,54008442,55505589,2.697290537715036
2-120-90-40-2,28144791,31357340,10.244966569230684
2-120-90-40-3,28368394,36977052,23.281082548170684
2-120-90-50-1,34275131,35449789,3.3135824870495045
2-120-90-50-2,37786464,39118031,3.4039724545440464
2-120-90-50-3,34185999,38061233,10.181577669856356
2-120-120-10-1,75049691,75962541,1.2017107221307888
2-120-120-10-2,51369030,57727153,11.014094181987467
2-120-120-10-3,47227231,49848881,5.259195286650464
2-120-120-20-1,36349632,37719006,3.630461523827011
2-120-120-20-2,68381247,71714693,4.648205075632128
2-120-120-20-3,41769193,47438769,11.951355651745521
2-120-120-30-1,70074517,73498552,4.6586427988404395
2-120-120-30-2,46441582,48279209,3.8062491868911974
2-120-120-30-3,37958450,41130606,7.712397916043345
2-120-120-40-1,29282772,31004290,5.552515474471431
2-120-120-40-2,21428196,23224001,7.73253928123755
2-120-120-40-3,37509758,40860735,8.200970932118567
2-120-120-50-1,54578204,56255643,2.981814642132874
2-120-120-50-2,64111093,68566592,6.498061038238568
2-120-120-50-3,52973927,57511493,7.889842122512802
2-120-150-10-1,43620470,45500490,4.131867590876492
2-120-150-10-2,68960154,75908546,9.153636008256571
2-120-150-10-3,53496967,57263287,6.577198406371609
2-120-150-20-1,57658078,60768178,5.117974740002906
2-120-150-20-2,78693932,80501960,2.2459428317024854
2-120-150-20-3,67392673,74146768,9.109088881662386
2-120-150-30-1,41901730,42575892,1.5834359970661294
2-120-150-30-2,86353891,93027138,7.173441152193671
2-120-150-30-3,52603188,58820255,10.569602256909628
2-120-150-40-1,53546213,54564244,1.8657474664177554
2-120-150-40-2,78637315,88566789,11.211283723970167
2-120-150-40-3,97345968,104539697,6.8813371441090005
2-120-150-50-1,59779482,61730297,3.160222929107237
2-120-150-50-2,109912285,117707008,6.622140119303688
2-120-150-50-3,58131345,63267212,8.117738774390759
2-120-180-10-1,64040644,65274336,1.890010799956665
2-120-180-10-2,74941824,81145878,7.645556561727018
2-120-180-10-3,66533035,70769856,5.98675939089095
2-120-180-20-1,62202790,63490011,2.0274386155012647
2-120-180-20-2,55332046,60138425,7.992193011373338
2-120-180-20-3,83312005,86794652,4.012513351629088
2-120-180-30-1,66508157,68690452,3.1769990391095404
2-120-180-30-2,67306353,69964353,3.7990775102286767
2-120-180-30-3,73403947,76762721,4.375527542855084
2-120-180-40-1,61700045,62915571,1.9319954991745991
2-120-180-40-2,65364098,67707504,3.4610727933494623
2-120-180-40-3,62910811,68799585,8.55931616447977
2-120-180-50-1,145263553,146665979,0.9562040287475204
2-120-180-50-2,57295455,64144691,10.677790933625353
2-120-180-50-3,53903770,62660575,13.974983472462554
2-150-60-10-1,29049721,30468458,4.65641221488794
2-150-60-10-2,43554146,44201081,1.4636180504273177
2-150-60-10-3,37984112,41981121,9.52096777025082
2-150-60-20-1,32113850,33956154,5.425537886298903
2-150-60-20-2,37582463,44365081,15.288190277394065
2-150-60-20-3,21569360,22049448,2.177324348437204
2-150-60-30-1,23435285,28389808,17.451766493102028
2-150-60-30-2,38299669,41462380,7.627905103373223
2-150-60-30-3,24675738,26153915,5.6518383576607985
2-150-60-40-1,40479562,43378648,6.683209674953449
2-150-60-40-2,20975221,24095597,12.949984181757356
2-150-60-40-3,28740619,29431256,2.346610691708162
2-150-60-50-1,31367755,31918533,1.7255742925277873
2-150-60-50-2,27554653,29131336,5.412326437757608
2-150-60-50-3,26455113,34410825,23.11979442515546
2-150-90-10-1,45312391,49963242,9.308545270140801
2-150-90-10-2,45815162,48157275,4.863466630950364
2-150-90-10-3,62682201,67503800,7.142707521650637
2-150-90-20-1,33253065,35371331,5.988652222332258
2-150-90-20-2,47034556,51417508,8.524240420208617
2-150-90-20-3,57256297,62867019,8.924746376156312
2-150-90-30-1,41425971,44351611,6.596468389840449
2-150-90-30-2,48041953,55858563,13.99357516590608
2-150-90-30-3,48143031,50869861,5.360403874506359
2-150-90-40-1,25833253,27968612,7.634840799393261
2-150-90-40-2,36243515,40125354,9.6742797583792
2-150-90-40-3,48212427,52795641,8.68104622500937
2-150-90-50-1,41110986,43446358,5.375299812242029
2-150-90-50-2,48727776,52535668,7.248203258784114
2-150-90-50-3,23647048,24845569,4.823882278566449
2-150-120-10-1,72752048,74979811,2.9711504607553674
2-150-120-10-2,55309021,59021054,6.2893370220057365
2-150-120-10-3,49890278,53017336,5.898180172613731
2-150-120-20-1,96978747,99724704,2.753537378260862
2-150-120-20-2,51160049,55382724,7.624534683414996
2-150-120-20-3,50600565,52750809,4.076229428064315
2-150-120-30-1,56458084,59581315,5.241963860649934
2-150-120-30-2,42997340,46091260,6.712595837041557
2-150-120-30-3,41152375,44282381,7.068287497910286
2-150-120-40-1,58167077,59952569,2.9781742964175573
2-150-120-40-2,55581536,61997409,10.34861473001235
2-150-120-40-3,47508342,51540309,7.822939129061101
2-150-120-50-1,38697923,40238674,3.8290302508477314
2-150-120-50-2,53533265,55770479,4.01146635301447
2-150-120-50-3,64478687,73421702,12.180342809269117
2-150-150-10-1,99432840,104886303,5.199404349298121
2-150-150-10-2,68060747,71145084,4.335277754398326
2-150-150-10-3,132924106,145097300,8.389676444702964
2-150-150-20-1,42978207,45423529,5.383381815182176
2-150-150-20-2,47954533,51344056,6.601587922855179
2-150-150-20-3,109318164,116596707,6.2424944814264745
2-150-150-30-1,75528163,78279459,3.5147100339566695
2-150-150-30-2,129813890,148608567,12.64710196687382
2-150-150-30-3,83913023,92001197,8.791379094774165
2-150-150-40-1,101297777,103584585,2.2076721164640434
2-150-150-40-2,102903744,111110909,7.386461935974264
2-150-150-40-3,39911285,44090970,9.479684842497226
2-150-150-50-1,96338029,97787547,1.4823134892625989
2-150-150-50-2,46561093,50170018,7.193389884771417
2-150-150-50-3,60904661,67271452,9.464328196751271
2-150-180-10-1,102189491,103664051,1.4224410350315186
2-150-180-10-2,90407600,93734724,3.549510638128084
2-150-180-10-3,93404508,101550258,8.021397641353111
2-150-180-20-1,114717985,116452418,1.4893920021480378
2-150-180-20-2,72502388,74965668,3.2858774766070242
2-150-180-20-3,55210085,60673613,9.004784336808825
2-150-180-30-1,81830356,84040473,2.6298245608398663
2-150-180-30-2,81937733,88668689,7.591130618836594
2-150-180-30-3,105689981,121911603,13.306052583034278
2-150-180-40-1,71600672,73553206,2.654587211331072
2-150-180-40-2,39390845,43126730,8.662574231804731
2-150-180-40-3,71767578,78689523,8.796526826068064
2-150-180-50-1,68319666,68938834,0.8981410970774428
2-150-180-50-2,63413379,71791392,11.669940875362883
2-150-180-50-3,52233485,58525995,10.751649758368053
5-30-60-10-1,17862726,18234808,2.040504073308591
5-30-60-10-2,13027376,15221035,14.412022572709414
5-30-60-10-3,12250278,14224200,13.877209263086854
5-30-60-20-1,11016996,12258490,10.127625833198051
5-30-60-20-2,8645113,9440962,8.429744765416913
5-30-60-20-3,11789541,13062451,9.744802104903593
5-30-60-30-1,11456082,12200011,6.097773190532374
5-30-60-30-2,7966776,9655774,17.492103688425185
5-30-60-30-3,11816688,13781071,14.254211446991317
5-30-60-40-1,9643732,10370599,7.008920121200324
5-30-60-40-2,15187991,16534604,8.144210771543126
5-30-60-40-3,10157034,11778584,13.766934972828649
5-30-60-50-1,7296339,7864281,7.221791795079547
5-30-60-50-2,13292753,16813324,20.939173003506028
5-30-60-50-3,12989245,15840158,17.998008605722237
5-30-90-10-1,15357695,15882784,3.306026197926004
5-30-90-10-2,15150460,16354957,7.364721289086851
5-30-90-10-3,18078770,19070468,5.200176524246814
5-30-90-20-1,13147313,14501323,9.33714806573166
5-30-90-20-2,12767714,15079132,15.328587878930966
5-30-90-20-3,18803781,21014817,10.521319314843424
5-30-90-30-1,12556139,12847164,2.265285941706663
5-30-90-30-2,21957241,24638595,10.882739052287683
5-30-90-30-3,11401548,14642808,22.135508435267337
5-30-90-40-1,20015797,21607112,7.364774153991515
5-30-90-40-2,11013077,12906424,14.669803192580687
5-30-90-40-3,9681393,11722970,17.415185742179673
5-30-90-50-1,12339772,13814559,10.675599561303406
5-30-90-50-2,15181168,17825825,14.836098749987725
5-30-90-50-3,14431388,16965751,14.938112671817471
5-30-120-10-1,24143128,25203944,4.20892857086177
5-30-120-10-2,21800428,23862192,8.640295912462692
5-30-120-10-3,22145605,25097467,11.76159331138875
5-30-120-20-1,17819489,18602191,4.207579634033431
5-30-120-20-2,19292593,20849689,7.468197727074011
5-30-120-20-3,24370434,27523439,11.4557087143071
5-30-120-30-1,23049943,23894004,3.5325222177078452
5-30-120-30-2,32610317,36849783,11.504724464727511
5-30-120-30-3,19872474,24415365,18.606688861706555
5-30-120-40-1,27126186,28363934,4.3638093361802355
5-30-120-40-2,24420998,27334561,10.658898088760239
5-30-120-40-3,27333782,29809560,8.305315475974817
5-30-120-50-1,16852811,17876303,5.725412016119891
5-30-120-50-2,18177810,20886211,12.96741184889878
5-30-120-50-3,14126134,15659571,9.792330837160224
5-30-150-10-1,20034909,20955503,4.3930894906221045
5-30-150-10-2,22586384,24198740,6.662975014401573
5-30-150-10-3,29925550,32310787,7.382169304635012
5-30-150-20-1,29116667,29514955,1.3494447137053056
5-30-150-20-2,22847323,24547260,6.92515987527732
5-30-150-20-3,25879636,28422993,8.948237787624969
5-30-150-30-1,23431323,24604794,4.769277889503975
5-30-150-30-2,23956396,26569067,9.833506761829458
5-30-150-30-3,37743618,40994878,7.930893220367674
5-30-150-40-1,22047357,23145080,4.742791988621342
5-30-150-40-2,30385190,35124450,13.492766434776915
5-30-150-40-3,30114745,33382870,9.7898263390775
5-30-150-50-1,28913441,29690966,2.618725844083347
5-30-150-50-2,34993775,41212037,15.088460684435468
5-30-150-50-3,30836272,34869179,11.565821495252294
5-30-180-10-1,47378741,48758952,2.830682250922867
5-30-180-10-2,38208626,42233966,9.53104901396189
5-30-180-10-3,30844213,32358995,4.68117752111894
5-30-180-20-1,33087696,34230433,3.3383655999911
5-30-180-20-2,27796402,29270576,5.0363682627905915
5-30-180-20-3,38910514,43134909,9.793448271793038
5-30-180-30-1,33039821,34038481,2.933914706710916
5-30-180-30-2,20564921,23050803,10.78436182895668
5-30-180-30-3,32221001,35215241,8.502682119937788
5-30-180-40-1,24225908,25147014,3.662884189749127
5-30-180-40-2,23596289,26382724,10.561589470442856
5-30-180-40-3,27402154,31179833,12.115776886938423
5-30-180-50-1,40704615,41849520,2.735766144988039
5-30-180-50-2,29259627,32951924,11.205102925097787
5-30-180-50-3,24681236,27794730,11.201742200769715
5-60-60-10-1,18634165,20491508,9.063964448102112
5-60-60-10-2,19056520,20876421,8.717495206673597
5-60-60-10-3,20355078,22533948,9.66927766053246
5-60-60-20-1,26594283,28088469,5.3195708174767375
5-60-60-20-2,20862523,23083702,9.622282422464124
5-60-60-20-3,32537052,36690267,11.31966414962311
5-60-60-30-1,28505433,30456416,6.4058193846577405
5-60-60-30-2,14914688,17217510,13.374884056986168
5-60-60-30-3,20487443,23978349,14.558575321428513
5-60-60-40-1,26411605,30417409,13.169445168719008
5-60-60-40-2,31411421,35359707,11.166059718764076
5-60-60-40-3,34855260,41074419,15.1411977367227
5-60-60-50-1,30245605,32886877,8.03138589292015
5-60-60-50-2,28144961,33775352,16.670117901361913
5-60-60-50-3,14959302,17872739,16.301010158543694
5-60-90-10-1,34543604,37525421,7.946125374582735
5-60-90-10-2,28215430,30371338,7.098495298429064
5-60-90-10-3,24776671,28321853,12.51747899404746
5-60-90-20-1,36792650,38550653,4.56024182002831
5-60-90-20-2,40884014,46207911,11.52161369078122
5-60-90-20-3,45150998,48976683,7.811237441294261
5-60-90-30-1,40463266,42859532,5.5909756550771466
5-60-90-30-2,43025257,47405680,9.24029145874503
5-60-90-30-3,46357901,52207262,11.204113711230445
5-60-90-40-1,40596568,44694216,9.16818408896578
5-60-90-40-2,45702686,51110404,10.580464204509122
5-60-90-40-3,32313938,37263417,13.28240778348373
5-60-90-50-1,47928331,50863411,5.770513503311836
5-60-90-50-2,32021438,36141274,11.399255045630097
5-60-90-50-3,46558163,54871281,15.150216740884904
5-60-120-10-1,47608796,49857565,4.510386738702543
5-60-120-10-2,45168849,50084647,9.814979828049896
5-60-120-10-3,44196555,50439935,12.37785100238531
5-60-120-20-1,48283368,51021563,5.366740724897046
5-60-120-20-2,47543630,52770314,9.904591433736776
5-60-120-20-3,41594898,45331560,8.242959209874979
5-60-120-30-1,42598989,45138573,5.626194696052977
5-60-120-30-2,40526703,48605779,16.62163669879666
5-60-120-30-3,40755219,48554185,16.06239709306211
5-60-120-40-1,35725661,37281162,4.172351172959687
5-60-120-40-2,33804223,38815388,12.910253531408733
5-60-120-40-3,48130195,53868083,10.6517397324126
5-60-120-50-1,48908619,50754884,3.6376105203983933
5-60-120-50-2,36426675,39536102,7.864778879819767
5-60-120-50-3,31478747,36021276,12.610683197341476
5-60-150-10-1,65449949,67519971,3.0657921935422605
5-60-150-10-2,88178952,97828834,9.864046831019168
5-60-150-10-3,93671469,104055991,9.97974446276717
5-60-150-20-1,57542295,59371459,3.0808810004146925
5-60-150-20-2,78781488,90343476,12.797811764515233
5-60-150-20-3,57363707,67667048,15.226526506668359
5-60-150-30-1,62882840,64786863,2.9389029069056827
5-60-150-30-2,56083310,61947483,9.466362015063634
5-60-150-30-3,62792631,69456050,9.593720057503985
5-60-150-40-1,81577315,84891137,3.903613636368186
5-60-150-40-2,77594007,85738152,9.49885763807925
5-60-150-40-3,60970456,69896577,12.77046943228708
5-60-150-50-1,60930118,63685282,4.326217790791908
5-60-150-50-2,74083398,77993020,5.0127844773801495
5-60-150-50-3,54190346,60972634,11.123495173260844
5-60-180-10-1,76273152,78268873,2.549827183534381
5-60-180-10-2,69569213,74503110,6.622404084876454
5-60-180-10-3,77817132,83761717,7.097019035557739
5-60-180-20-1,78387406,79735352,1.690524925506065
5-60-180-20-2,77038700,84030872,8.320956136216218
5-60-180-20-3,59591785,67037742,11.107111871399244
5-60-180-30-1,92042398,95070234,3.1848412195977116
5-60-180-30-2,119280968,129415834,7.831241113819198
5-60-180-30-3,61532785,69112952,10.967795153649352
5-60-180-40-1,63534734,68052021,6.6379909569474815
5-60-180-40-2,61145462,66822241,8.495343638654685
5-60-180-40-3,70684627,81687243,13.469197387406007
5-60-180-50-1,60740411,62600614,2.97154114175302
5-60-180-50-2,47961131,55637080,13.796462718748003
5-60-180-50-3,57335098,65421781,12.360842025991314
5-90-60-10-1,55911502,58391003,4.246375079393649
5-90-60-10-2,60091442,69599166,13.660686681216838
5-90-60-10-3,79103486,92760643,14.723008118863511
5-90-60-20-1,51138941,57377091,10.872196361436304
5-90-60-20-2,31778648,37373817,14.97082569864352
5-90-60-20-3,42093187,47689346,11.734610493505194
5-90-60-30-1,46903970,50347025,6.838646374835456
5-90-60-30-2,48199512,53609651,10.091725834962062
5-90-60-30-3,56472745,62921504,10.24889519487646
5-90-60-40-1,37305922,39495220,5.543197379328435
5-90-60-40-2,49143930,52757596,6.849565321361495
5-90-60-40-3,47778611,55509886,13.927744330082037
5-90-60-50-1,63167647,68383265,7.627038574423139
5-90-60-50-2,29939413,37337441,19.813966361540412
5-90-60-50-3,54206730,60979025,11.105941756202231
5-90-90-10-1,43873889,47961596,8.52287526044796
5-90-90-10-2,64562830,71090408,9.182079810260756
5-90-90-10-3,57709254,64257159,10.190156399538298
5-90-90-20-1,54379542,59421475,8.485035082013702
5-90-90-20-2,67406182,77862749,13.429486030604954
5-90-90-20-3,81196865,92239499,11.971697721385066
5-90-90-30-1,78386908,81470042,3.784377575256437
5-90-90-30-2,64241308,74392784,13.645780483225368
5-90-90-30-3,80955275,90534841,10.581082259812003
5-90-90-40-1,82717030,87878140,5.873030539790669
5-90-90-40-2,77108276,84548320,8.799753797591725
5-90-90-40-3,102334165,112814234,9.28966906782348
5-90-90-50-1,74678174,82988604,10.013941191250787
5-90-90-50-2,84573901,97067505,12.871046803974206
5-90-90-50-3,56645954,65259517,13.198937712027503
5-90-120-10-1,109834401,113675823,3.379277931420821
5-90-120-10-2,72411716,79246281,8.624461506275605
5-90-120-10-3,127284690,138673431,8.212633752459764
5-90-120-20-1,95453327,100857966,5.3586634892081815
5-90-120-20-2,108547271,121779932,10.866044004688725
5-90-120-20-3,106898250,119991727,10.911983123636515
5-90-120-30-1,99912805,108565513,7.970033725166481
5-90-120-30-2,56977925,67702656,15.840930967316847
5-90-120-30-3,64660823,73862945,12.458374087304536
5-90-120-40-1,83281637,90315551,7.7881537809584955
5-90-120-40-2,80067303,90759524,11.780825337955713
5-90-120-40-3,86214742,97033058,11.149103432358077
5-90-120-50-1,124938679,134721812,7.261729080662905
5-90-120-50-2,98852177,106780908,7.425232795360759
5-90-120-50-3,32204381,38286352,15.885480549309062
5-90-150-10-1,77814026,79804447,2.4941229152305233
5-90-150-10-2,165155763,178340082,7.39279630924472
5-90-150-10-3,55177657,64506541,14.46191945092824
5-90-150-20-1,62281288,64832584,3.9352064079383298
5-90-150-20-2,125574893,135557830,7.364338157375339
5-90-150-20-3,158767173,177083535,10.343345585460561
5-90-150-30-1,112109463,118675848,5.533042409774902
5-90-150-30-2,113194269,132971610,14.873356049460485
5-90-150-30-3,71123564,82197808,13.472675573051774
5-90-150-40-1,75862014,82425068,7.962448996705707
5-90-150-40-2,111589387,120529196,7.4171315305214485
5-90-150-40-3,120657930,136092172,11.341021142641472
5-90-150-50-1,130737625,135400043,3.4434390836936446
5-90-150-50-2,98942376,109083583,9.29673074636721
5-90-150-50-3,123601568,137361352,10.017216487502246
5-90-180-10-1,159067550,166369561,4.389030635237412
5-90-180-10-2,133593245,140081519,4.63178443974469
5-90-180-10-3,90222876,100460549,10.190739650447266
5-90-180-20-1,138613491,145916959,5.00522218257029
5-90-180-20-2,110345690,120678579,8.562322398575805
5-90-180-20-3,117872238,133587838,11.764244586397155
5-90-180-30-1,151790267,155124479,2.1493783711595937
5-90-180-30-2,137510347,150826438,8.828751229940202
5-90-180-30-3,127039459,138547078,8.305926885011605
5-90-180-40-1,182763656,185364091,1.402879590092776
5-90-180-40-2,111752491,123231968,9.315340155892017
5-90-180-40-3,114484631,125333558,8.656043260177771
5-90-180-50-1,112404130,117247555,4.1309390204341545
5-90-180-50-2,86557428,94196766,8.109979062338512
5-90-180-50-3,95590565,110015021,13.111351403550609
5-120-60-10-1,82239119,85873524,4.232276527978518
5-120-60-10-2,110558166,115547560,4.3180435830925346
5-120-60-10-3,68542082,77296457,11.325713156555162
5-120-60-20-1,50670770,57821081,12.366270011451363
5-120-60-20-2,73129309,80572063,9.237387902057314
5-120-60-20-3,75364661,82210913,8.327668128439347
5-120-60-30-1,84283311,89575137,5.907695123033974
5-120-60-30-2,107985744,119518661,9.649469717536407
5-120-60-30-3,58626698,65490774,10.480981641780563
5-120-60-40-1,94477199,103513767,8.729822381983254
5-120-60-40-2,73189726,79622410,8.078986807859746
5-120-60-40-3,66997026,78771313,14.947430164075081
5-120-60-50-1,46601272,54678621,14.772408031285211
5-120-60-50-2,99835862,113095311,11.724136821198538
5-120-60-50-3,94646229,112228304,15.666346521640385
5-120-90-10-1,95480070,102827807,7.14567120934515
5-120-90-10-2,166376061,187788555,11.402448887260464
5-120-90-10-3,143427566,181062729,20.78570405287551
5-120-90-20-1,116603201,127394462,8.47074576915282
5-120-90-20-2,92842648,100279917,7.416508930696464
5-120-90-20-3,92571325,105315128,12.10063857112722
5-120-90-30-1,159629756,166582901,4.173984819726484
5-120-90-30-2,138694343,151138355,8.233523515589402
5-120-90-30-3,105877033,130432213,18.826008878650246
5-120-90-40-1,95818993,106649514,10.155246464601797
5-120-90-40-2,104687134,116181175,9.893204299233505
5-120-90-40-3,116266331,142522083,18.422234258251756
5-120-90-50-1,107524373,117948395,8.83778198084001
5-120-90-50-2,101445618,122356108,17.089861995283474
5-120-90-50-3,72902581,81380469,10.41759540609185
5-120-120-10-1,115588520,121474108,4.845137862629956
5-120-120-10-2,86443685,96938167,10.825954652103132
5-120-120-10-3,165118551,184037116,10.27975519894585
5-120-120-20-1,184393382,192676075,4.2987656874368
5-120-120-20-2,203977875,218947894,6.837251880577577
5-120-120-20-3,186836637,223208728,16.29510249258712
5-120-120-30-1,105732783,112163404,5.733261269424384
5-120-120-30-2,132951813,152126212,12.604270327851196
5-120-120-30-3,169030417,210938846,19.86757289835558
5-120-120-40-1,152550912,165211785,7.663420015708933
5-120-120-40-2,102353992,122215564,16.251262400589173
5-120-120-40-3,135216810,161331445,16.186946692258285
5-120-120-50-1,166350018,172604125,3.6233821178955017
5-120-120-50-2,146202933,164337101,11.034737676186701
5-120-120-50-3,132640707,150398809,11.807342171173707
5-120-150-10-1,187852680,198846271,5.528688541511551
5-120-150-10-2,206124330,217350995,5.165223651265094
5-120-150-10-3,162512800,184462072,11.899070503772723
5-120-150-20-1,237702196,250571189,5.135863006181451
5-120-150-20-2,189565550,215515223,12.040761037098523
5-120-150-20-3,201595523,227467283,11.373837880676675
5-120-150-30-1,143489706,147032163,2.4093075472201297
5-120-150-30-2,185531892,202364162,8.317811727948154
5-120-150-30-3,174653021,201588421,13.361580921356586
5-120-150-40-1,240686707,253252968,4.961940268356502
5-120-150-40-2,295338233,330765074,10.710574901871295
5-120-150-40-3,219649206,254659187,13.747778516233144
5-120-150-50-1,159122041,166685364,4.5374847668089195
5-120-150-50-2,246612452,276685540,10.869049390871677
5-120-150-50-3,192113871,211496029,9.164312962112398
5-120-180-10-1,313829206,322835264,2.7896760373736673
5-120-180-10-2,205927772,220684865,6.686952909072397
5-120-180-10-3,244951155,263900067,7.180336183847958
5-120-180-20-1,224088152,231541799,3.219136688145019
5-120-180-20-2,227295069,247930052,8.322905123256296
5-120-180-20-3,353912284,381370845,7.199963332278325
5-120-180-30-1,231702470,240065217,3.4835313105771593
5-120-180-30-2,207239668,229738653,9.793295427739801
5-120-180-30-3,201951578,247949777,18.551417773608236
5-120-180-40-1,180600373,190980823,5.4353363007551785
5-120-180-40-2,235718150,261217522,9.761738724403024
5-120-180-40-3,222249968,244627501,9.147594979519491
5-120-180-50-1,221250500,233126006,5.094028848930732
5-120-180-50-2,260786563,282869777,7.80684816674494
5-120-180-50-3,307076351,341190560,9.99857938625266
5-150-60-10-1,58963299,66947831,11.926498410381658
5-150-60-10-2,98384271,108255609,9.11854645794843
5-150-60-10-3,98514877,116655507,15.550598910002588
5-150-60-20-1,114176527,126989662,10.08990401124148
5-150-60-20-2,103658529,114283663,9.297159122384802
5-150-60-20-3,101878718,120352348,15.349621596082198
5-150-60-30-1,115830572,132210002,12.388949211270717
5-150-60-30-2,101100045,120418337,16.042649717044345
5-150-60-30-3,110133784,137445105,19.870712019900605
5-150-60-40-1,104961002,117008656,10.29637841494393
5-150-60-40-2,123473898,143833006,14.154684356662894
5-150-60-40-3,175159028,204777458,14.463716020930395
5-150-60-50-1,96268896,107424075,10.384244872483194
5-150-60-50-2,101078661,117029429,13.629706763757687
5-150-60-50-3,80176516,89390952,10.308018646003458
5-150-90-10-1,131928869,142117216,7.168974517485626
5-150-90-10-2,152698021,163411812,6.55631368924543
5-150-90-10-3,97090267,113945744,14.792546354342118
5-150-90-20-1,165413420,172935077,4.3494108485579215
5-150-90-20-2,130319722,140820505,7.456856513900445
5-150-90-20-3,184476199,205927376,10.416865118506635
5-150-90-30-1,145444955,156972556,7.343704717402955
5-150-90-30-2,115469431,135629666,14.86417801839901
5-150-90-30-3,180996725,207553232,12.795034191517674
5-150-90-40-1,159562218,171689148,7.063306062885233
5-150-90-40-2,119604468,132078689,9.444537263691345
5-150-90-40-3,243422587,282404399,13.803542769884402
5-150-90-50-1,108791662,119317126,8.821419315782041
5-150-90-50-2,180778345,193386613,6.519721197040662
5-150-90-50-3,124521480,146951957,15.263816459416057
5-150-120-10-1,213303638,226990324,6.029634108985194
5-150-120-10-2,200631611,222238340,9.722322889920799
5-150-120-10-3,167379639,182890311,8.480860421304659
5-150-120-20-1,98031799,103346195,5.1423238175338675
5-150-120-20-2,176290064,206119177,14.471779595743294
5-150-120-20-3,193743978,236338742,18.0227598909704
5-150-120-30-1,205005493,212416560,3.48893090067931
5-150-120-30-2,136102368,154138702,11.701366214956188
5-150-120-30-3,177805409,209322653,15.056776487540501
5-150-120-40-1,198632109,205895950,3.527918349049608
5-150-120-40-2,173007530,196934484,12.149702537621598
5-150-120-40-3,124559006,146064165,14.723090362376013
5-150-120-50-1,185842256,210222574,11.597383447507404
5-150-120-50-2,286098046,320667283,10.780406618532389
5-150-120-50-3,184897562,214513415,13.806061033525573
5-150-150-10-1,333027279,359526916,7.370696273544097
5-150-150-10-2,241656824,264048209,8.48003668905779
5-150-150-10-3,172525426,212890201,18.96037244100305
5-150-150-20-1,280805281,301140078,6.752604015729846
5-150-150-20-2,459161042,489027600,6.1073358640698405
5-150-150-20-3,105539133,117340942,10.057707735122834
5-150-150-30-1,337190367,352948726,4.464772880353163
5-150-150-30-2,256777868,285671401,10.114254664225209
5-150-150-30-3,209798927,235199023,10.79940540399269
5-150-150-40-1,276994555,289793363,4.416529028651361
5-150-150-40-2,345917523,368917274,6.234392537553013
5-150-150-40-3,184731255,209270131,11.725933310568815
5-150-150-50-1,162598218,173578843,6.326015780621375
5-150-150-50-2,351736456,373247438,5.7631961562184975
5-150-150-50-3,140613740,163240821,13.861165890607719
5-150-180-10-1,437157617,452764049,3.4469238523838763
5-150-180-10-2,382220770,405710026,5.789666139529914
5-150-180-10-3,202252517,214841152,5.85950823797482
5-150-180-20-1,331178562,344662753,3.912285526251802
5-150-180-20-2,300960847,333350194,9.716312629474578
5-150-180-20-3,263292584,288220327,8.648849739178877
5-150-180-30-1,259785359,272416260,4.636617872956627
5-150-180-30-2,362516774,407544307,11.048500059160437
5-150-180-30-3,367304496,413650321,11.204107103787308
5-150-180-40-1,232656465,245181568,5.108501059916549
5-150-180-40-2,217706825,239631605,9.149369090942738
5-150-180-40-3,230247089,265217525,13.185567582685199
5-150-180-50-1,226338883,241140666,6.138235929065572
5-150-180-50-2,300906525,318294364,5.462817117302143
5-150-180-50-3,373081102,465293363,19.818090764385133
10-30-60-10-1,24444180,26289925,7.020731325783547
10-30-60-10-2,25250417,28528013,11.489044119546632
10-30-60-10-3,18741910,20505175,8.59912192897646
10-30-60-20-1,23796128,26430006,9.965483927623776
10-30-60-20-2,17451557,19683461,11.338981493142896
10-30-60-20-3,22895718,27681840,17.28975386029252
10-30-60-30-1,14071837,15484734,9.124451217566932
10-30-60-30-2,20545557,25184701,18.420484722054077
10-30-60-30-3,25745438,30000167,14.182351051579145
10-30-60-40-1,24990694,27721262,9.85008546869186
10-30-60-40-2,19610940,24657545,20.46677801865514
10-30-60-40-3,19248355,22623627,14.919234656759507
10-30-60-50-1,17761225,20007824,11.228602370752562
10-30-60-50-2,22143441,25723485,13.917414378339487
10-30-60-50-3,30370120,35029215,13.300597801006964
10-30-90-10-1,35424886,37362963,5.187160879076957
10-30-90-10-2,26093591,29716101,12.190394695454831
10-30-90-10-3,28316631,30671548,7.677855059679417
10-30-90-20-1,41467237,44098520,5.966828365214982
10-30-90-20-2,31467970,38643123,18.567735842675038
10-30-90-20-3,27058916,30690627,11.833290339750956
10-30-90-30-1,35505722,37886832,6.284795730611625
10-30-90-30-2,36787714,43490846,15.41274225845135
10-30-90-30-3,43207801,50806959,14.956923519079346
10-30-90-40-1,47238837,53609793,11.883940682255567
10-30-90-40-2,31576063,36310692,13.039214455070148
10-30-90-40-3,33351467,39421467,15.397701967813626
10-30-90-50-1,33013256,35265634,6.386892122795807
10-30-90-50-2,39750502,44836101,11.342643286489162
10-30-90-50-3,34254973,41472718,17.403597709703998
10-30-120-10-1,41716931,43023337,3.036505513275267
10-30-120-10-2,38409385,42512489,9.651526166816538
10-30-120-10-3,42916621,49720707,13.68461232862196
10-30-120-20-1,39499181,42103035,6.184480524978786
10-30-120-20-2,54328658,60693311,10.486580638185982
10-30-120-20-3,47682667,54276304,12.14827929329897
10-30-120-30-1,51975125,54997843,5.4960664548244225
10-30-120-30-2,34759578,39830301,12.730817675718797
10-30-120-30-3,40591599,47411013,14.383607454242753
10-30-120-40-1,43543401,46760420,6.879790643454442
10-30-120-40-2,49962515,55346191,9.727274637562678
10-30-120-40-3,44439879,51768813,14.157044705660915
10-30-120-50-1,39374846,41382478,4.851405950122178
10-30-120-50-2,40535110,46252967,12.362141006002926
10-30-120-50-3,54398526,65369618,16.78316676104792
10-30-150-10-1,65230053,69089872,5.586663990345797
10-30-150-10-2,59702283,65953235,9.477855028642646
10-30-150-10-3,71052761,78488670,9.473862915501051
10-30-150-20-1,61649986,64404002,4.276156627658012
10-30-150-20-2,58065067,62900912,7.688036383319852
10-30-150-20-3,51057140,56100342,8.989610081164923
10-30-150-30-1,67595860,70794210,4.517812968037926
10-30-150-30-2,83529164,89883043,7.069051945648974
10-30-150-30-3,42583518,49815507,14.517545711217995
10-30-150-40-1,51991217,53747570,3.267781222481314
10-30-150-40-2,69255283,77598267,10.751508149015754
10-30-150-40-3,62955926,77219857,18.471843323926386
10-30-150-50-1,71735746,73935389,2.9750881543343155
10-30-150-50-2,49470873,56142632,11.88358785886633
10-30-150-50-3,74338748,86216626,13.776783610158905
10-30-180-10-1,64217922,66135755,2.8998429064580833
10-30-180-10-2,50353239,55581253,9.406074382669994
10-30-180-10-3,72971909,81698343,10.681286400141554
10-30-180-20-1,78648886,81316190,3.2801635197123757
10-30-180-20-2,71658512,78046991,8.18542639267157
10-30-180-20-3,67833801,75794927,10.503507708372094
10-30-180-30-1,67269487,72353033,7.026030270216865
10-30-180-30-2,65129079,72418386,10.065547442606636
10-30-180-30-3,51026025,56834819,10.220484734894642
10-30-180-40-1,82661950,86714272,4.67318920696238
10-30-180-40-2,44563000,49905602,10.705415396051132
10-30-180-40-3,48784816,57449721,15.082588477670766
10-30-180-50-1,74346199,76269085,2.5211866642952385
10-30-180-50-2,53430572,61825916,13.579004636178782
10-30-180-50-3,62650491,88823282,29.466138168594135
10-60-60-10-1,51965668,56633687,8.24247766174927
10-60-60-10-2,44694672,53555761,16.54553839688694
10-60-60-10-3,57338613,67045608,14.478196692615574
10-60-60-20-1,55972458,61556258,9.0710517198755
10-60-60-20-2,40941180,47295702,13.435728261312196
10-60-60-20-3,37339058,43928633,15.000637511301573
10-60-60-30-1,53751297,58407051,7.9712190913388214
10-60-60-30-2,44755410,53218651,15.902772507330187
10-60-60-30-3,45286461,55522014,18.435125570192756
10-60-60-40-1,56917781,64152388,11.27722166788242
10-60-60-40-2,66622084,79634299,16.33996301015973
10-60-60-40-3,44050670,57491287,23.378528645566764
10-60-60-50-1,59393198,69419967,14.443638384328239
10-60-60-50-2,52584656,62744819,16.192831793809148
10-60-60-50-3,58427043,69173813,15.53589361916481
10-60-90-10-1,77054347,85270695,9.635605761158628
10-60-90-10-2,107689592,121365255,11.268186269620573
10-60-90-10-3,74404649,87446039,14.91364291526115
10-60-90-20-1,53567214,63621439,15.803202753713252
10-60-90-20-2,81887574,93936781,12.826931976730183
10-60-90-20-3,63135251,79539934,20.624461418336104
10-60-90-30-1,63260494,69449595,8.911644481152125
10-60-90-30-2,45279558,51524708,12.120689747528502
10-60-90-30-3,54003971,63519754,14.980824705334971
10-60-90-40-1,69387795,75231107,7.767148767331045
10-60-90-40-2,74951153,87701211,14.538063790248001
10-60-90-40-3,79550398,94238404,15.58600886322311
10-60-90-50-1,105478482,113351871,6.9459718049117996
10-60-90-50-2,96094998,109380786,12.146363621852196
10-60-90-50-3,87915315,107992351,18.591164850184615
10-60-120-10-1,81571151,85005108,4.03970664915807
10-60-120-10-2,114731478,131542382,12.779838516228182
10-60-120-10-3,98294100,113299622,13.24410596886193
10-60-120-20-1,116791939,123171951,5.179760447246629
10-60-120-20-2,117068731,129162488,9.363211554116235
10-60-120-20-3,84561159,94765431,10.767926544860018
10-60-120-30-1,156996321,163365113,3.8985018790394954
10-60-120-30-2,71715807,81928425,12.465292723496146
10-60-120-30-3,81014084,94773393,14.518113749499296
10-60-120-40-1,90689968,98984272,8.379416075313461
10-60-120-40-2,95231527,102641907,7.219643727001291
10-60-120-40-3,92051773,105731046,12.9378016368059
10-60-120-50-1,105439546,113859513,7.395049195406267
10-60-120-50-2,71650679,81569987,12.160487410645294
10-60-120-50-3,82990721,98062890,15.369900887073594
10-60-150-10-1,165852954,171591626,3.344377656284925
10-60-150-10-2,91784077,108069175,15.069142519131839
10-60-150-10-3,86254346,100577070,14.240546080731919
10-60-150-20-1,165024643,171755202,3.9186929546390137
10-60-150-20-2,141630906,161196436,12.137693912786007
10-60-150-20-3,116580940,126786124,8.04913320009688
10-60-150-30-1,133445592,143037328,6.705757255197053
10-60-150-30-2,136874503,152290303,10.122640572853802
10-60-150-30-3,129327635,149908227,13.728794217544849
10-60-150-40-1,130415915,141937262,8.11721096888568
10-60-150-40-2,159808068,178843875,10.643812655032214
10-60-150-40-3,156554677,180244131,13.142982170110162
10-60-150-50-1,157242936,168575884,6.722757568336402
10-60-150-50-2,107646779,119188061,9.68325342586117
10-60-150-50-3,135525415,154104526,12.056174781005458
10-60-180-10-1,182129510,185349331,1.7371635401262964
10-60-180-10-2,157730303,167578328,5.8766698042243215
10-60-180-10-3,188431029,208067367,9.43749050277548
10-60-180-20-1,136741652,141323238,3.241919775430002
10-60-180-20-2,140834833,159704655,11.815448961083819
10-60-180-20-3,131847109,149499378,11.807586918522162
10-60-180-30-1,133089507,139226160,4.407686745077221
10-60-180-30-2,88561792,101779345,12.986478739866126
10-60-180-30-3,165831502,190100730,12.76650962886886
10-60-180-40-1,238327820,245487381,2.9164680362938955
10-60-180-40-2,210084705,241228857,12.910624536101833
10-60-180-40-3,149023096,169831648,12.252458387496779
10-60-180-50-1,245655618,260862641,5.829513548473198
10-60-180-50-2,183357615,205267011,10.673607947650199
10-60-180-50-3,189193153,220368570,14.146943459314542
10-90-60-10-1,138051983,149328128,7.551253170467653
10-90-60-10-2,90849719,103504394,12.226220077188222
10-90-60-10-3,88403491,105813957,16.453846442960263
10-90-60-20-1,81912030,95459746,14.192072122211597
10-90-60-20-2,109715537,128499162,14.617702331786408
10-90-60-20-3,106707678,138945093,23.20154983810764
10-90-60-30-1,69263038,78868538,12.179127753071828
10-90-60-30-2,81132957,94875767,14.485058128700034
10-90-60-30-3,110169428,141098630,21.920270948059528
10-90-60-40-1,115289816,136511476,15.545696685603193
10-90-60-40-2,80978939,95443017,15.15467391396481
10-90-60-40-3,112850558,133889996,15.713973133586467
10-90-60-50-1,111314805,122588268,9.19620056953574
10-90-60-50-2,107515720,128210951,16.14154706644365
10-90-60-50-3,77054273,90929563,15.259382693833023
10-90-90-10-1,147963532,157194573,5.87236621712125
10-90-90-10-2,169486754,188273151,9.978266630274856
10-90-90-10-3,154456557,192869362,19.916488861512384
10-90-90-20-1,192792676,211298227,8.75802474196814
10-90-90-20-2,121217959,138331786,12.371579587644444
10-90-90-20-3,153737346,180609541,14.87861319574474
10-90-90-30-1,224552581,244476695,8.149698686003592
10-90-90-30-2,102420621,119151739,14.041858004271345
10-90-90-30-3,131577745,156886308,16.131785700508672
10-90-90-40-1,117318233,129929065,9.705936081353316
10-90-90-40-2,146884908,173552824,15.365878460151128
10-90-90-40-3,157390710,194691591,19.15895843698766
10-90-90-50-1,130034317,138153373,5.87684239891848
10-90-90-50-2,144265643,171113586,15.690129362375703
10-90-90-50-3,178789132,232729368,23.177236488692742
10-90-120-10-1,196443147,205440507,4.379545266601193
10-90-120-10-2,196674809,212521394,7.456465771159015
10-90-120-10-3,142467915,166930890,14.654552551657751
10-90-120-20-1,177819209,189540718,6.184164080247923
10-90-120-20-2,121053012,132120954,8.37712843036238
10-90-120-20-3,191308873,229754168,16.733230711183445
10-90-120-30-1,143475731,157333487,8.807887160093264
10-90-120-30-2,229992286,251655997,8.608462050677856
10-90-120-30-3,178475322,210643341,15.271320160080448
10-90-120-40-1,268345694,283284620,5.273468782032708
10-90-120-40-2,210436022,249871072,15.782159048807376
10-90-120-40-3,206860036,239138347,13.497756175424257
10-90-120-50-1,227747036,247443951,7.960152155831035
10-90-120-50-2,181920116,208233252,12.63637567356437
10-90-120-50-3,117820932,135896255,13.300824956508183
10-90-150-10-1,209461999,215514305,2.8083082466382026
10-90-150-10-2,347770221,380746355,8.660919157059299
10-90-150-10-3,133043043,156190050,14.819770529556775
10-90-150-20-1,275819103,284274563,2.9743990847327373
10-90-150-20-2,175563650,193892236,9.45297572410274
10-90-150-20-3,222009652,254550409,12.783620001961971
10-90-150-30-1,225070220,239013695,5.833755676636021
10-90-150-30-2,238737585,268473258,11.075841676566533
10-90-150-30-3,177125553,202794091,12.657438820542355
10-90-150-40-1,167373311,174758127,4.225735378818751
10-90-150-40-2,199521853,231107393,13.667040067385472
10-90-150-40-3,266627398,307136232,13.18920719194081
10-90-150-50-1,199670523,209043763,4.483864940758842
10-90-150-50-2,220606556,246958190,10.670483939001985
10-90-150-50-3,347372841,413616299,16.015678821206226
10-90-180-10-1,302490749,313045316,3.371577998630715
10-90-180-10-2,254041001,278319754,8.723330863536194
10-90-180-10-3,321773008,354270676,9.173118240246335
10-90-180-20-1,241602742,255746721,5.530463477574754
10-90-180-20-2,300020700,340923244,11.997581484939756
10-90-180-20-3,210999723,234546192,10.039160644313505
10-90-180-30-1,218077619,231170108,5.663573510118358
10-90-180-30-2,185732047,199120538,6.723812186566114
10-90-180-30-3,289495281,331254774,12.606457711006458
10-90-180-40-1,280117650,292128811,4.111597537704014
10-90-180-40-2,249786423,277559747,10.006250654205996
10-90-180-40-3,282377550,318253710,11.272817526620504
10-90-180-50-1,313804323,333981163,6.041310778955522
10-90-180-50-2,193650058,216253774,10.452403017946866
10-90-180-50-3,280841562,317043320,11.418552518312008
10-120-60-10-1,207866829,231275812,10.12167368371406
10-120-60-10-2,251292930,281680170,10.78785205220517
10-120-60-10-3,117897949,144260354,18.274185712867443
10-120-60-20-1,167171314,194141934,13.892217639080485
10-120-60-20-2,149757323,172050020,12.957102242708253
10-120-60-20-3,135780587,166740164,18.567558203913002
10-120-60-30-1,220135396,257144817,14.392442916708681
10-120-60-30-2,149813620,174028330,13.91423453870988
10-120-60-30-3,263477119,320393645,17.764561466255046
10-120-60-40-1,241493727,280830876,14.00741597943098
10-120-60-40-2,146230072,182750063,19.98357231756467
10-120-60-40-3,134512259,168382748,20.115177714049427
10-120-60-50-1,221874900,257865642,13.957168438903544
10-120-60-50-2,190410969,220217104,13.53488646367813
10-120-60-50-3,221641685,274434023,19.23680505168268
10-120-90-10-1,232225173,272649588,14.826508742056122
10-120-90-10-2,271853266,321260227,15.379109160624482
10-120-90-10-3,268674864,334810810,19.753228995204786
10-120-90-20-1,299049754,332834348,10.150573161397391
10-120-90-20-2,279143919,332834380,16.13128457462838
10-120-90-20-3,275065954,319121942,13.805377256070972
10-120-90-30-1,380984348,413829462,7.936871831517878
10-120-90-30-2,405571917,465799367,12.929912375771869
10-120-90-30-3,300075978,358975225,16.407607795217626
10-120-90-40-1,267631782,286304406,6.521947831986907
10-120-90-40-2,252932377,290384655,12.897471459020448
10-120-90-40-3,210633033,255224985,17.471624888135462
10-120-90-50-1,138274131,147642864,6.345537295998271
10-120-90-50-2,242343006,281695416,13.969843939526516
10-120-90-50-3,181220091,221219789,18.081428510900533
10-120-120-10-1,345326964,377127276,8.432249275971227
10-120-120-10-2,278226516,315380432,11.780666214573522
10-120-120-10-3,233950419,284619376,17.802356857110112
10-120-120-20-1,512440177,541945366,5.444310598644364
10-120-120-20-2,304447542,355045848,14.251203410777524
10-120-120-20-3,378617176,429848555,11.918471844112632
10-120-120-30-1,389445746,423098307,7.953839673482788
10-120-120-30-2,365863247,410516146,10.877257675511743
10-120-120-30-3,242189245,282261120,14.196739175413175
10-120-120-40-1,341895210,361051154,5.305603870192865
10-120-120-40-2,441764005,522232960,15.40863200208581
10-120-120-40-3,246606154,291763316,15.477326834330329
10-120-120-50-1,354139141,374275651,5.380128241364012
10-120-120-50-2,465767888,533547254,12.703535720942916
10-120-120-50-3,316084555,370897917,14.778557518833413
10-120-150-10-1,293759584,311604285,5.726718745218795
10-120-150-10-2,472586559,514723087,8.186251804943812
10-120-150-10-3,455403144,505424982,9.896985661860302
10-120-150-20-1,437650173,457519629,4.342864161572402
10-120-150-20-2,506792502,563910791,10.12895832312597
10-120-150-20-3,389575174,460037893,15.316720659791383
10-120-150-30-1,487327849,517114025,5.76007893036744
10-120-150-30-2,301739591,336191918,10.247815356465528
10-120-150-30-3,400268738,474640497,15.66907153310182
10-120-150-40-1,593152983,620157337,4.354435945341395
10-120-150-40-2,420601972,488961220,13.980505038824964
10-120-150-40-3,347907385,394019814,11.70307364289046
10-120-150-50-1,418915977,449886056,6.883982863429761
10-120-150-50-2,587153182,644444449,8.890024126811902
10-120-150-50-3,601169167,675102382,10.951407811800607
10-120-180-10-1,475168717,490238872,3.0740432594663747
10-120-180-10-2,414853860,453339952,8.489455171601556
10-120-180-10-3,538436840,594034851,9.35938538057256
10-120-180-20-1,464277826,505463484,8.148097598282689
10-120-180-20-2,499024152,524311211,4.82291022382888
10-120-180-20-3,487995238,550345243,11.329253008551943
10-120-180-30-1,385923540,395919376,2.524715031880631
10-120-180-30-2,504797243,563706099,10.450278275240022
10-120-180-30-3,755563390,863686441,12.518785275222355
10-120-180-40-1,535808299,557637499,3.9145860956527945
10-120-180-40-2,459176152,514336633,10.724587256844298
10-120-180-40-3,578703015,672379296,13.932059115633443
10-120-180-50-1,637571367,653434764,2.4276940674065495
10-120-180-50-2,469264576,503773620,6.8501093804792745
10-120-180-50-3,576225484,670158303,14.016512006119243
10-150-60-10-1,223378984,255121058,12.44196549231934
10-150-60-10-2,208264395,247629979,15.896937906698284
10-150-60-10-3,291567689,338462813,13.855325370707716
10-150-60-20-1,254752588,287842757,11.495918585854847
10-150-60-20-2,179917199,206776275,12.989437980735463
10-150-60-20-3,281360542,336941704,16.495779934679746
10-150-60-30-1,258834458,289958765,10.734045925461155
10-150-60-30-2,180618225,208464244,13.357695528831314
10-150-60-30-3,223934217,272069821,17.69237169454381
10-150-60-40-1,187529606,212637574,11.807869854647613
10-150-60-40-2,187107826,222237931,15.80742983068898
10-150-60-40-3,219634826,275600408,20.306784886907714
10-150-60-50-1,194272357,217281841,10.589694883890456
10-150-60-50-2,117857709,137891574,14.528708621456454
10-150-60-50-3,293052512,356252072,17.74012418936892
10-150-90-10-1,283044130,311134400,9.028339521441541
10-150-90-10-2,315808575,346630770,8.8919385315966
10-150-90-10-3,240531635,278273104,13.562744101923697
10-150-90-20-1,477438144,550891229,13.333500541174892
10-150-90-20-2,363260730,417771142,13.04791224665298
10-150-90-20-3,274890404,335178154,17.98677786142351
10-150-90-30-1,432689638,454898475,4.88215244071768
10-150-90-30-2,397105372,444061056,10.574150415928385
10-150-90-30-3,249990516,299084931,16.414874141552794
10-150-90-40-1,307941592,350341257,12.102389927772627
10-150-90-40-2,204767968,237244225,13.688955758564825
10-150-90-40-3,438748765,536288703,18.187953140605316
10-150-90-50-1,259782545,294491893,11.786181156436793
10-150-90-50-2,306789106,368806660,16.815735919736376
10-150-90-50-3,292910875,365135843,19.780300779729252
10-150-120-10-1,308070561,327025879,5.796274612260888
10-150-120-10-2,630301348,713476175,11.657688079072859
10-150-120-10-3,433603004,499448723,13.183679518587931
10-150-120-20-1,474520763,510365739,7.023389945852143
10-150-120-20-2,470877741,564692389,16.61340755205397
10-150-120-20-3,369782244,431654099,14.3336655769832
10-150-120-30-1,599102307,679137303,11.78480340373823
10-150-120-30-2,531380975,592607631,10.331736008306647
10-150-120-30-3,300157014,356510792,15.807032848531556
10-150-120-40-1,426352250,463403931,7.995547409372317
10-150-120-40-2,399630878,455209115,12.209385789649662
10-150-120-40-3,499763974,570056199,12.330753550844209
10-150-120-50-1,691679976,725522092,4.664519023357316
10-150-120-50-2,420662154,465737093,9.67819391615432
10-150-120-50-3,473965567,549148280,13.690785483294244
10-150-150-10-1,531538138,564225996,5.793398076610423
10-150-150-10-2,653409526,729617013,10.444861570134467
10-150-150-10-3,467368964,552283500,15.375171628339434
10-150-150-20-1,543051025,581062948,6.541790890442389
10-150-150-20-2,388641699,441024701,11.877566467643275
10-150-150-20-3,443174750,500799681,11.506583008386539
10-150-150-30-1,491757645,512370576,4.0230512768555275
10-150-150-30-2,323327059,367272969,11.965462669266024
10-150-150-30-3,543985295,649974178,16.306629799684135
10-150-150-40-1,573097962,630627878,9.122640784998726
10-150-150-40-2,493403262,565462454,12.743408778118448
10-150-150-40-3,481151258,569012192,15.440958073531053
10-150-150-50-1,500613746,527111606,5.026992329210822
10-150-150-50-2,627510500,709018101,11.49584205044153
10-150-150-50-3,523322124,590256150,11.339826954789034
10-150-180-10-1,665991356,704794232,5.505560947893795
10-150-180-10-2,537040039,579601787,7.343274115888809
10-150-180-10-3,572406226,647973283,11.662063696536695
10-150-180-20-1,721572151,748730861,3.6272993961711464
10-150-180-20-2,725725880,773739614,6.20541240634992
10-150-180-20-3,795110621,878893071,9.532723918812191
10-150-180-30-1,448231208,463815050,3.3599259014988836
10-150-180-30-2,640047728,693544608,7.713545658479115
10-150-180-30-3,468570260,541298386,13.43586603637129
10-150-180-40-1,667488414,687780376,2.9503548964299076
10-150-180-40-2,660308810,728680096,9.382894685241961
10-150-180-40-3,580794053,663123851,12.41544816640896
10-150-180-50-1,737100675,763939094,3.513162136980519
10-150-180-50-2,489080198,548338421,10.806870489201048
10-150-180-50-3,690891761,799820218,13.619117715276364
